combination,speed,cm_total: mean,cm_total: std,rep_total: mean,rep_total: std,total num matches,num possible correct matches,Matching distance mAP,Matching average_response mAP,Matching average_ratio mAP,Verification distance mAP,Verification average_response mAP,Verification average_ratio mAP,Retrieval distance mAP,Retrieval average_response mAP,Retrieval average_ratio mAP
ORB+ORB,0.013476929884860907,18.341379310344827,20.13276652009543,0.18341379310344827,0.20132766520095427,58000,10638,0.3053514290142178,0.09321944106929729,0.3132764212224598,0.13292385017463537,0.13950254705171833,0.12724728853516248,0.36116245233330796,0.17902022724258465,0.36277213798368907
