combination,speed,repeatability mean,repeatability std,total num matches,number possible correct matches,total correct matches,ratio correct/total matches,ratio correct/possible correct matches,size mean,size std,size normalized std,size min,size max,size correct: avg,size correct/all ratio,total num keypoints,correct matches per sequence: avg,distance correct/all ratio,response correct/all ratio,distinctiveness correct/all ratio,match rank: avg,match rank correct: avg,ratio rank >25 / all,ratio rank >25 correct / rank >25,Matching distance mAP,Matching average_response mAP,Matching distinctiveness mAP,distance-distinctiveness correlation,distance-average response correlation
FAST+SIFT,0,0.5184799999999999,0.18928329593954962,256670,149063,115177,0.44873573070479605,0.7726732992090593,7.0,0.0,0.0,7.0,7.0,7.0,1.0,345000,1001.5391304347826,0.643706516387644,1.0364549043187163,1.76201281476793,4.858094050726614,0.34941003846254026,0.06241477383410605,0.0018753744237130676,0.8687236325274794,0.5521149901981848,0.8740131676743053,0.5960178614913114,0.07925032398941638
FAST2+SIFT,0,0.32216,0.3245720159385815,208716,92621,77976,0.3735985741390214,0.8418825104457952,7.0,0.0,0.0,7.0,7.0,7.0,1.0,345000,678.0521739130435,0.580894238840735,0.0,1.9720522925753847,9.315557983096648,2.304016620498615,0.13871001743996628,0.015132861393249205,0.6324119118572735,0.33670409201332185,0.5097122953902463,0.581303948289122,0.538455091185871
