combination,speed,repeatability mean,repeatability std,total num matches,number possible correct matches,total correct matches,ratio correct matches,ratio possible correct matches found,size: mean,size: std,size: min,size: max,size: unique count,total num features,correct per sequence: avg,correct per sequence: std,size all: avg,size correct: avg,size correct/all ratio,size normalized std,distance all: avg,distance correct: avg,distance correct/all ratio,response all: avg,response correct: avg,response correct/all ratio,distinctiveness all: avg,distinctiveness correct: avg,distinctiveness correct/all ratio,match rank all: avg,match rank all: std,match rank correct: avg,match rank correct: std,ratio rank >10 all,ratio rank >10 correct,Matching distance mAP,Matching average_response mAP,Matching distinctiveness mAP,Verification distance AP,Verification average_response AP,Verification distinctiveness AP,Retrieval distance mAP,Retrieval average_response mAP,Retrieval distinctiveness mAP,distance-distinctiveness correlation
SIFT+SIFT,3.865252037052693,0.11930434782608694,0.18518766856837973,50358,6860,5688,0.11295126891457166,0.8291545189504373,6.217581098167695,9.073075045758461,1.8034552335739136,207.52174949645996,45731,69000,49.46086956521739,74.74749226056922,6.217581098167695,7.273690048662838,1.1698584922046897,1.4592612307754655,288.788513072078,131.04234360365928,0.45376577554853353,0.07141656259669502,0.07071675771356818,0.9902010842067717,0.5126154333512144,0.9610128402313597,1.8747247501870068,2.2796576512172844,4.103041964189648,0.05063291139240506,0.48562633037810327,0.06952222089836768,0.0005274261603375527,0.33657288743351743,0.14982508436631967,0.35238971953745424,0.467869679334291,0.06220509715200849,0.3925093614432551,0.4615622680197305,0.38491052780436574,0.45762365827108953,0.5068090425179268
