combination,speed
SIFT+0.8,6.177280173725328
SIFT+1.6,4.542067551416117
SIFT+2.4,3.5007893183897023
